Workbook

Sheet Master Data
A1: Player | B1: Tour | C1: Custom Tier | D1: Odds / Market Note | E1: Current Form | F1: US Open Fit | G1: Shinnecock / Comp | H1: Cut Safety | I1: Upside | J1: Volatility Risk | K1: Overall Rating | L1: Win Grade | M1: Pool Action | N1: Projected Score Range | O1: Masters 2026 | P1: PGA 2026 | Q1: Recent MC / Concern | R1: Shinnecock / US Open History | S1: Key Stats / Fit Signals | T1: Why He Can Win | U1: Red Flags | V1: Outside / LIV / Creator Notes | W1: Source URL 1 | X1: Source URL 2
A2: Scottie Scheffler | B2: PGA | C2: Elite Favorite | D2: +500 market favorite | E2: 9.2 | F2: 9.6 | G2: 7.5 | H2: 9.4 | I2: 9.5 | J2: 2 | K2: =ROUND((E2*0.25+F2*0.25+G2*0.15+H2*0.15+I2*0.15+(10-J2)*0.05)*10,1) -> 90.6 | L2: A+ | M2: Core pick / safest anchor | N2: -4 to +2 | O2: 2nd (-11), bogey-free weekend noted | P2: Made cut; contended but putting cooled | Q2: No major MC concern; main risk is cold putter | R2: No 2018 Shinnecock start; elite U.S. Open profile overall | S2: PGA Tour SG tee-to-green leader; GIR leader; OWGR No. 1 | T2: Best total skill profile in the field. If Shinnecock becomes a ball-striking exam, he is the cleanest all-around answer. | U2: Putting can turn a winning week into a top-10 only; odds may be too short for pool leverage. | V2: Stable PGA schedule, elite week-to-week floor. | W2: https://www.pgatour.com/stats/detail/02674 | X2: https://www.pgatour.com/stats
A3: Rory McIlroy | B3: PGA | C3: Elite Favorite | D3: +850 to +950 | E3: 9 | F3: 8.6 | G3: 7 | H3: 8.8 | I3: 9.4 | J3: 3 | K3: =ROUND((E3*0.25+F3*0.25+G3*0.15+H3*0.15+I3*0.15+(10-J3)*0.05)*10,1) -> 85.3 | L3: A | M3: Core pick if tier value is fair | N3: -4 to +3 | O3: Won / defended Masters (-12) | P3: T7 (-4) | Q3: No missed cut in first two majors; some hard-course volatility from 2025 U.S. Open | R3: Missed cut at 2018 Shinnecock, but has proven U.S. Open ceiling | S3: Major-winning form, power, improved patience, elite scoring ceiling | T3: He has already won the biggest 2026 pressure test and backed it up with a PGA top 10. | U3: Can get emotionally sideways on brutal U.S. Open setups; Shinnecock 2018 history is not great. | V3: No LIV concern; high public ownership risk. | W3: https://www.theguardian.com/sport/live/2026/apr/12/golf-the-masters-2026-final-round-live | X3: https://www.pgachampionship.com/news-media/articles/aaron-rai-wins-the-2026-pga-championship-at-aronimink
A4: Jon Rahm | B4: LIV | C4: Elite Threat | D4: +1200 | E4: 8.1 | F4: 9 | G4: 7.2 | H4: 8 | I4: 9 | J4: 3.5 | K4: =ROUND((E4*0.25+F4*0.25+G4*0.15+H4*0.15+I4*0.15+(10-J4)*0.05)*10,1) -> 82.3 | L4: A- | M4: High-upside anchor | N4: -3 to +4 | O4: Made cut, poor start then stabilized | P4: T2 (-6) | Q4: Masters was not a win threat; LIV schedule creates fewer PGA data points | R4: 2018 Shinnecock: MC, but later became U.S. Open champion in 2021 | S4: World SG rating No. 2; PGA runner-up confirms major form | T4: Rahm’s PGA runner-up is a strong sign that the major game is still fully alive. | U4: LIV week-to-week data is harder to compare; can lose accuracy under frustration. | V4: Best LIV option if priced below Scheffler/Rory. | W4: https://www.owgr.com/strokes-gained-world-rating | X4: https://www.pgachampionship.com/news-media/articles/aaron-rai-wins-the-2026-pga-championship-at-aronimink
A5: Cameron Young | B5: PGA | C5: Elite Upside | D5: +1800 | E5: 9.4 | F5: 8.7 | G5: 8 | H5: 8.3 | I5: 9.7 | J5: 4 | K5: =ROUND((E5*0.25+F5*0.25+G5*0.15+H5*0.15+I5*0.15+(10-J5)*0.05)*10,1) -> 87.3 | L5: A | M5: Best aggressive pool play | N5: -5 to +4 | O5: T3 (-10) | P5: Made cut, not top 10 | Q5: No recent major MC; pressure of home-state U.S. Open is the question | R5: No 2018 Shinnecock start; New York/home-state angle; strong 2025 U.S. Open noted in news | S5: Two 2026 wins including THE PLAYERS; OWGR No. 3; top SG tee-to-green | T5: He may be the best blend of recent form, ball-striking, and non-Scheffler odds value. | U5: Still chasing first major; home crowd can become extra weight. | V5: Could be highly owned, but still strong pool value. | W5: https://www.golfchannel.com/pga-tour/news/ranking-the-entire-pga-championship-field-nos-1-156 | X5: https://nypost.com/2026/05/13/betting/cameron-youngs-rise-reflected-in-stunning-pga-championship-odds-swing/
A6: Xander Schauffele | B6: PGA | C6: Elite Consistency | D6: +1800 | E6: 8 | F6: 9.2 | G6: 9 | H6: 9.3 | I6: 8.4 | J6: 2.5 | K6: =ROUND((E6*0.25+F6*0.25+G6*0.15+H6*0.15+I6*0.15+(10-J6)*0.05)*10,1) -> 86.8 | L6: A | M6: Core pick / cut safety monster | N6: -3 to +4 | O6: Top-five/top-10 range | P6: T7 (-4) | Q6: No current MC concern | R6: 2018 Shinnecock T6; nine straight U.S. Open top-15s cited by Golf Digest | S6: Reliable major profile; strong tough-course history | T6: Few players have a better U.S. Open made-cut and top-15 profile. | U6: May not separate enough to win if putter is average. | V6: Excellent pool pick when avoiding disaster matters. | W6: https://www.golfdigest.com/story/us-open-picks-2026-our-13-best-bets-to-win-at-shinnecock-hills | X6: https://www.pgachampionship.com/news-media/articles/aaron-rai-wins-the-2026-pga-championship-at-aronimink
A7: Matt Fitzpatrick | B7: PGA | C7: Elite Value | D7: +2000 | E7: 9 | F7: 9.1 | G7: 8.6 | H7: 8.4 | I7: 8.6 | J7: 3 | K7: =ROUND((E7*0.25+F7*0.25+G7*0.15+H7*0.15+I7*0.15+(10-J7)*0.05)*10,1) -> 87.2 | L7: A | M7: Best precision-value pick | N7: -4 to +4 | O7: Made cut | P7: Made cut, outside top 10 | Q7: No major MC issue; confidence check after losing to Alex Fitzpatrick noted | R7: 2018 Shinnecock T12; 2022 U.S. Open winner | S7: PGA Tour No. 2 SG tee-to-green; won three of four starts between Masters and PGA per Golf Digest | T7: Shinnecock rewards controlled driving, patience, and short-game creativity, all Fitzpatrick strengths. | U7: Ceiling can depend on whether approach play stays hot enough to beat elite power. | V7: Very strong if he lands outside top tier in your pool. | W7: https://www.golfdigest.com/story/us-open-picks-2026-our-13-best-bets-to-win-at-shinnecock-hills | X7: https://www.pgatour.com/stats/detail/02674
A8: Collin Morikawa | B8: PGA | C8: High-End Contender | D8: +2200 | E8: 7.7 | F8: 9.3 | G8: 7.2 | H8: 8.5 | I8: 8.2 | J8: 3 | K8: =ROUND((E8*0.25+F8*0.25+G8*0.15+H8*0.15+I8*0.15+(10-J8)*0.05)*10,1) -> 81.9 | L8: A- | M8: Great fit if price drops | N8: -3 to +5 | O8: Made cut | P8: Made cut | Q8: No major MC signal, but not winning lately | R8: No 2018 Shinnecock start | S8: PGA Tour top SG tee-to-green; elite approach profile | T8: Shinnecock should reward fairway-to-green discipline more than pure putting spikes. | U8: Has not converted as often recently; win equity lower than fit suggests. | V8: Trust for placement, slightly less for outright win. | W8: https://www.pgatour.com/stats/detail/02674 | X8: https://www.datagolf.com/
A9: Ludvig Åberg | B9: PGA | C9: High-End Contender | D9: +2000 | E9: 8.2 | F9: 8.5 | G9: 6.8 | H9: 7.8 | I9: 9 | J9: 4.5 | K9: =ROUND((E9*0.25+F9*0.25+G9*0.15+H9*0.15+I9*0.15+(10-J9)*0.05)*10,1) -> 79.9 | L9: A- | M9: Upside pick | N9: -4 to +5 | O9: Made cut | P9: T4 (-5) | Q9: Occasional Sunday volatility; Players collapse noted | R9: No 2018 Shinnecock start | S9: Strong tee-to-green and par-5 scoring noted in Memorial preview | T9: Elite talent profile with enough length and ball striking to handle a long par-70. | U9: Still proving U.S. Open patience and closing under major pressure. | V9: Great secondary pool entry if you need upside. | W9: https://www.golfmonthly.com/betting/memorial-tournament-2026-betting-tips | X9: https://www.golfchannel.com/pga-of-america/news/pga-championship-2026-leaderboard-final-results-scores-from-aronimink
A10: Tommy Fleetwood | B10: PGA | C10: High-End Contender | D10: +2000 to +2500 | E10: 7.3 | F10: 9.2 | G10: 9.5 | H10: 7.2 | I10: 8.1 | J10: 4.5 | K10: =ROUND((E10*0.25+F10*0.25+G10*0.15+H10*0.15+I10*0.15+(10-J10)*0.05)*10,1) -> 81.2 | L10: B+ | M10: Strong bounce-back candidate | N10: -2 to +6 | O10: Made cut / contended early | P10: MC (+5) | Q10: PGA missed cut is a real warning, but Shinnecock history is elite | R10: 2018 Shinnecock 2nd; final-round 63 | S10: Course history might be the best in field; tough-course runner-up profile | T10: The 2018 result proves he can thrive in this exact wind-and-patience setup. | U10: PGA MC shows current form is not spotless; win conversion remains concern. | V10: If people overreact to PGA MC, he becomes useful. | W10: https://www.cbssports.com/golf/news/pga-championship-2026-cut-line-bryson-dechambeau-tommy-fleetwood/ | X10: https://www.golfcompendium.com/2018/11/2018-us-open.html
A11: Bryson DeChambeau | B11: LIV | C11: Boom/Bust Star | D11: +1000 to +1400 | E11: 6.6 | F11: 8.5 | G11: 7 | H11: 5.5 | I11: 9.8 | J11: 8 | K11: =ROUND((E11*0.25+F11*0.25+G11*0.15+H11*0.15+I11*0.15+(10-J11)*0.05)*10,1) -> 72.2 | L11: B+ | M11: Only use if tier rewards upside | N11: -5 to +8 | O11: MC (+6) | P11: MC (+7) | Q11: Missed both Masters and PGA cuts; 4 MCs in 10 majors since 2024 noted | R11: 2018 Shinnecock T25 range; 2020 and 2024 U.S. Open winner | S11: Major ceiling is enormous; driving can break par-70s if controlled | T11: He can win because his U.S. Open peak is proven and he can overpower long par 4s. | U11: Double missed-cut trend is impossible to ignore; feast-or-famine profile. | V11: LIV star with extra motivation, but very risky for pool safety. | W11: https://www.golfchannel.com/pga-of-america/news/bryson-dechambeau-misses-cut-2026-pga-championship | X11: https://www.golf.com/news/9-surprising-players-who-missed-2026-masters-cut/
A12: Brooks Koepka | B12: LIV | C12: Major Specialist | D12: +2700 to +2800 | E12: 6.8 | F12: 8.8 | G12: 10 | H12: 7 | I12: 9 | J12: 5.5 | K12: =ROUND((E12*0.25+F12*0.25+G12*0.15+H12*0.15+I12*0.15+(10-J12)*0.05)*10,1) -> 80.3 | L12: B+ | M12: Dangerous major-only pick | N12: -3 to +6 | O12: Made cut | P12: Made cut / not top 10 | Q12: No first-two-major MC issue, but form less sharp than peak | R12: 2018 Shinnecock champion; 2024 PGA major relevance still remembered | S12: 2018 winner at exact venue; U.S. Open toughness profile | T12: If Shinnecock becomes ugly, Koepka’s major patience and venue memory matter. | U12: Recent ceiling is less obvious than Rahm/Cam Young; LIV data is patchier. | V12: A classic friend-pool spoiler pick. | W12: https://www.golfcompendium.com/2018/11/2018-us-open.html | X12: https://www.golfchannel.com/usopen/news/bryson-dechambeau-2026-us-open-odds
A13: Tyrrell Hatton | B13: LIV | C13: High-End Toughness | D13: +3500 | E13: 8.1 | F13: 8.7 | G13: 8.5 | H13: 7.8 | I13: 8 | J13: 4.5 | K13: =ROUND((E13*0.25+F13*0.25+G13*0.15+H13*0.15+I13*0.15+(10-J13)*0.05)*10,1) -> 81.2 | L13: B+ | M13: Good gritty US Open fit | N13: -2 to +6 | O13: T3 (-10) | P13: MC (+6) | Q13: PGA MC dents the profile, Masters was excellent | R13: 2018 Shinnecock T6 | S13: Tough-course temperament when controlled; strong Masters LIV result | T13: He showed at Augusta that his game travels to major pressure, and Shinnecock rewards grit. | U13: Emotional volatility and PGA MC make him less safe than Xander/Fitz. | V13: Good if his tier lacks obvious ball-striking anchors. | W13: https://sportsnaut.com/golf/masters-2026-10-winners-losers | X13: https://www.cbssports.com/golf/news/pga-championship-2026-cut-line-bryson-dechambeau-tommy-fleetwood/
... A39: Min Woo Lee | B39: PGA | C39: Talented But Risky | D39: +9000 | E39: 6.4 | F39: 7.2 | G39: 5.8 | H39: 5.6 | I39: 8 | J39: 6.8 | K39: =ROUND((E39*0.25+F39*0.25+G39*0.15+H39*0.15+I39*0.15+(10-J39)*0.05)*10,1) -> 64.7 | L39: C+ | M39: Volatile upside | N39: -2 to +10 | O39: MC at Masters | P39: Made cut / not top 10 | Q39: Masters MC warning | R39: No 2018 Shinnecock start | S39: Power and creativity, but accuracy can swing | T39: He has the raw tools to create a top-10 if his driver behaves. | U39: U.S. Open penalty rough makes the misses expensive. | V39: Fun but not safe. | W39: https://www.golf.com/news/9-surprising-players-who-missed-2026-masters-cut/ | X39: https://www.pgatour.com/stats

Sheet Player Card
A1: 2026 U.S. Open Player Card - Shinnecock Hills
A2: Pick a player from the dropdown. The card pulls directly from the Master Data sheet. Add tiers later when your pool releases them.
A3: Select Player | B3: Patrick Reed
A5: Overall Rating | B5: =_xlfn.XLOOKUP($B$3,'Master Data'!$A$2:$A$39,'Master Data'!$K$2:$K$39,"") -> 72.5 | C5: Win Grade | D5: =_xlfn.XLOOKUP($B$3,'Master Data'!$A$2:$A$39,'Master Data'!$L$2:$L$39,"") -> C+ | E5: Pool Action | F5: =_xlfn.XLOOKUP($B$3,'Master Data'!$A$2:$A$39,'Master Data'!$M$2:$M$39,"") -> Contrarian grinder
A7: Tour | B7: =_xlfn.XLOOKUP($B$3,'Master Data'!$A$2:$A$39,'Master Data'!$B$2:$B$39,"") -> LIV | C7: Custom Tier | D7: =_xlfn.XLOOKUP($B$3,'Master Data'!$A$2:$A$39,'Master Data'!$C$2:$C$39,"") -> Short-Game Scrapper | E7: Market Note | F7: =_xlfn.XLOOKUP($B$3,'Master Data'!$A$2:$A$39,'Master Data'!$D$2:$D$39,"") -> +9000
A9: Projected Score Range | B9: =_xlfn.XLOOKUP($B$3,'Master Data'!$A$2:$A$39,'Master Data'!$N$2:$N$39,"") -> 0 to +9 | C9: Masters 2026 | D9: =_xlfn.XLOOKUP($B$3,'Master Data'!$A$2:$A$39,'Master Data'!$O$2:$O$39,"") -> Made cut / around top 10 | E9: PGA 2026 | F9: =_xlfn.XLOOKUP($B$3,'Master Data'!$A$2:$A$39,'Master Data'!$P$2:$P$39,"") -> T10 (-3)
A11: Current Form | B11: =_xlfn.XLOOKUP($B$3,'Master Data'!$A$2:$A$39,'Master Data'!$E$2:$E$39,"") -> 7 | C11: US Open Fit | D11: =_xlfn.XLOOKUP($B$3,'Master Data'!$A$2:$A$39,'Master Data'!$F$2:$F$39,"") -> 7.7 | E11: Cut Safety | F11: =_xlfn.XLOOKUP($B$3,'Master Data'!$A$2:$A$39,'Master Data'!$H$2:$H$39,"") -> 6.8
A13: Shinnecock / US Open History | B13: =_xlfn.XLOOKUP($B$3,'Master Data'!$A$2:$A$39,'Master Data'!$R$2:$R$39,"") -> 2018 Shinnecock 4th
A16: Key Stats / Fit Signals | B16: =_xlfn.XLOOKUP($B$3,'Master Data'!$A$2:$A$39,'Master Data'!$S$2:$S$39,"") -> Elite 2018 Shinnecock result; PGA top 10
A19: Why He Can Win | B19: =_xlfn.XLOOKUP($B$3,'Master Data'!$A$2:$A$39,'Master Data'!$T$2:$T$39,"") -> Reed’s short game and past Shinnecock result make him dangerous if scoring gets ugly.
A23: Red Flags | B23: =_xlfn.XLOOKUP($B$3,'Master Data'!$A$2:$A$39,'Master Data'!$U$2:$U$39,"") -> Ball-striking consistency and LIV comparability lower confidence.
A27: Recent MC / Concern | B27: =_xlfn.XLOOKUP($B$3,'Master Data'!$A$2:$A$39,'Master Data'!$Q$2:$Q$39,"") -> No MC issue, but week-to-week LIV data limited
A31: Outside / LIV / Creator Notes | B31: =_xlfn.XLOOKUP($B$3,'Master Data'!$A$2:$A$39,'Master Data'!$V$2:$V$39,"") -> Useful if ignored in pool.
A35: Source URL 1 | B35: =_xlfn.XLOOKUP($B$3,'Master Data'!$A$2:$A$39,'Master Data'!$W$2:$W$39,"") -> https://www.golfcompendium.com/2018/11/2018-us-open.html
A37: Source URL 2 | B37: =_xlfn.XLOOKUP($B$3,'Master Data'!$A$2:$A$39,'Master Data'!$X$2:$X$39,"") -> https://www.pgachampionship.com/news-media/articles/aaron-rai-wins-the-2026-pga-championship-at-aronimink

Sheet Model Summary
A1: 2026 U.S. Open Contender Board
A3: Course | B3: Dates | C3: Par/Yards | D3: Core Test | E3: Model Weights | F3: Winning Style | G3: Pool Rule | H3: Update Plan
A4: Shinnecock Hills, Southampton NY | B4: June 18-21, 2026 | C4: Par 70 / 7,440 yds | D4: Wind, firm turf, long par 4s, approach control, scrambling | E4: Form 25%, US Open fit 25%, Shinnecock/comp 15%, cut safety 15%, upside 15%, risk 5% | F4: Pars matter; avoid big numbers; fairway/green discipline | G4: No official tiers yet; use Custom Tier as placeholder | H4: Replace tier column when pool releases tiers
A6: Rank | B6: Player | C6: Rating | D6: Grade | E6: Pool Action | F6: Projected Score | G6: Main Green Flag | H6: Main Red Flag
A7: 1 | B7: Scottie Scheffler | C7: 90.6 | D7: A+ | E7: Core pick / safest anchor | F7: -4 to +2 | G7: Best total skill profile in the field. If Shinnecock becomes a ball-striking exam, he is the cleanest all-around answer. | H7: Putting can turn a winning week into a top-10 only; odds may be too short for pool leverage.
A8: 2 | B8: Cameron Young | C8: 87.3 | D8: A | E8: Best aggressive pool play | F8: -5 to +4 | G8: He may be the best blend of recent form, ball-striking, and non-Scheffler odds value. | H8: Still chasing first major; home crowd can become extra weight.
A9: 3 | B9: Matt Fitzpatrick | C9: 87.2 | D9: A | E9: Best precision-value pick | F9: -4 to +4 | G9: Shinnecock rewards controlled driving, patience, and short-game creativity, all Fitzpatrick strengths. | H9: Ceiling can depend on whether approach play stays hot enough to beat elite power.
A10: 4 | B10: Xander Schauffele | C10: 86.8 | D10: A | E10: Core pick / cut safety monster | F10: -3 to +4 | G10: Few players have a better U.S. Open made-cut and top-15 profile. | H10: May not separate enough to win if putter is average.
A11: 5 | B11: Rory McIlroy | C11: 85.3 | D11: A | E11: Core pick if tier value is fair | F11: -4 to +3 | G11: He has already won the biggest 2026 pressure test and backed it up with a PGA top 10. | H11: Can get emotionally sideways on brutal U.S. Open setups; Shinnecock 2018 history is not great.
A12: 6 | B12: Jon Rahm | C12: 82.3 | D12: A- | E12: High-upside anchor | F12: -3 to +4 | G12: Rahm’s PGA runner-up is a strong sign that the major game is still fully alive. | H12: LIV week-to-week data is harder to compare; can lose accuracy under frustration.
A13: 7 | B13: Collin Morikawa | C13: 81.9 | D13: A- | E13: Great fit if price drops | F13: -3 to +5 | G13: Shinnecock should reward fairway-to-green discipline more than pure putting spikes. | H13: Has not converted as often recently; win equity lower than fit suggests.
A14: 8 | B14: Tommy Fleetwood | C14: 81.2 | D14: B+ | E14: Strong bounce-back candidate | F14: -2 to +6 | G14: The 2018 result proves he can thrive in this exact wind-and-patience setup. | H14: PGA MC shows current form is not spotless; win conversion remains concern.
A15: 9 | B15: Tyrrell Hatton | C15: 81.2 | D15: B+ | E15: Good gritty US Open fit | F15: -2 to +6 | G15: He showed at Augusta that his game travels to major pressure, and Shinnecock rewards grit. | H15: Emotional volatility and PGA MC make him less safe than Xander/Fitz.
A16: 10 | B16: Justin Rose | C16: 80.5 | D16: B+ | E16: Veteran floor/value | F16: -1 to +7 | G16: Rose has already shown 2026 major form twice and owns a top-10 at Shinnecock. | H16: Hard to project as the winner over four rounds unless putter spikes.
A17: 11 | B17: Brooks Koepka | C17: 80.2 | D17: B+ | E17: Dangerous major-only pick | F17: -3 to +6 | G17: If Shinnecock becomes ugly, Koepka’s major patience and venue memory matter. | H17: Recent ceiling is less obvious than Rahm/Cam Young; LIV data is patchier.
A18: 12 | B18: Ludvig Åberg | C18: 79.9 | D18: A- | E18: Upside pick | F18: -4 to +5 | G18: Elite talent profile with enough length and ball striking to handle a long par-70. | H18: Still proving U.S. Open patience and closing under major pressure.
... A26: 20 | B26: Patrick Reed | C26: 72.4 | D26: C+ | E26: Contrarian grinder | F26: 0 to +9 | G26: Reed’s short game and past Shinnecock result make him dangerous if scoring gets ugly. | H26: Ball-striking consistency and LIV comparability lower confidence.

Sheet Sources + Method
A1: Method / Note | B1: Detail
A2: What this workbook is | B2: A pre-tier U.S. Open contender model for Shinnecock Hills. Tiers can be added later when your pool releases them.
A3: Course fact | B3: USGA lists Shinnecock Hills as par 70, 7,440 yards, June 18-21, 2026.
A4: Course angle | B4: Shinnecock is wind-exposed and designed around wind/angles; the model boosts accuracy, approach, scrambling, and patience.
A5: 2018 Shinnecock baseline | B5: Brooks Koepka won at +1, Fleetwood was 2nd after a final-round 63, and several current players have exact-course history.
A6: Missed cut logic | B6: A recent MC is not automatic elimination. I separated bad fit/poor form from volatility, weird major setups, and high-upside bounce-back.
A7: Important limitation | B7: Odds and field qualification will move. Refresh the Odds / Market Note and missed-cut fields after Memorial, Canadian Open, and final qualifying.
A9: Source | B9: URL | C9: Used For
A10: USGA / U.S. Open course page | B10: https://www.usopen.com/2026/about-shinnecock-hills-golf-club.html | C10: Venue, par, yardage, hole-by-hole course info, wind/routing notes
A11: US Open official home | B11: https://www.usopen.com/ | C11: Dates and host venue
A12: Golf Channel odds | B12: https://www.golfchannel.com/usopen/news/bryson-dechambeau-2026-us-open-odds | C12: Early odds after PGA Championship
A13: Golf Digest picks | B13: https://www.golfdigest.com/story/us-open-picks-2026-our-13-best-bets-to-win-at-shinnecock-hills | C13: Market/value notes on Cameron Young, Xander, Fitzpatrick
A14: PGA Championship official recap | B14: https://www.pgachampionship.com/news-media/articles/aaron-rai-wins-the-2026-pga-championship-at-aronimink | C14: PGA winner and top 10
A15: Golf Channel PGA leaderboard | B15: https://www.golfchannel.com/pga-of-america/news/pga-championship-2026-leaderboard-final-results-scores-from-aronimink | C15: PGA final scores and round scores
A16: CBS PGA cut line | B16: https://www.cbssports.com/golf/news/pga-championship-2026-cut-line-bryson-dechambeau-tommy-fleetwood/ | C16: PGA missed-cut list
A17: Golf.com Masters MC list | B17: https://golf.com/news/9-surprising-players-who-missed-2026-masters-cut/ | C17: Masters missed-cut list
A18: Guardian Masters live recap | B18: https://www.theguardian.com/sport/live/2026/apr/12/golf-the-masters-2026-final-round-live | C18: Masters winner and top contenders
A19: PGA Tour SG tee-to-green | B19: https://www.pgatour.com/stats/detail/02674 | C19: Current tee-to-green leaders
A20: PGA Tour stats | B20: https://www.pgatour.com/stats | C20: GIR and broad PGA Tour stat leaders
... A23: Golf Monthly 2026 field | B23: https://www.golfmonthly.com/news/us-open-field-2026-whos-confirmed-for-shinnecock-hills | C23: Confirmed field/qualifying context
