Workbook

Sheet Master Data
A1: Player | B1: Tour | C1: Custom Tier | D1: Odds / Market Note | E1: Current Form | F1: US Open Fit | G1: Shinnecock / Comp | H1: Cut Safety | I1: Upside | J1: Volatility Risk | K1: Overall Rating | L1: Win Grade | M1: Pool Action | N1: Projected Score Range | O1: Masters 2026 | P1: PGA 2026 | Q1: Recent MC / Concern | R1: Shinnecock / US Open History | S1: Key Stats / Fit Signals | T1: Why He Can Win | U1: Red Flags | V1: Outside / LIV / Creator Notes | W1: Source URL 1 | X1: Source URL 2
A2: Scottie Scheffler | B2: PGA | C2: Elite Favorite | D2: +500 market favorite | E2: 9.2 | F2: 9.6 | G2: 7.5 | H2: 9.4 | I2: 9.5 | J2: 2 | K2: =IF(A2="","",ROUND((E2*0.25+F2*0.25+G2*0.15+H2*0.15+I2*0.15+(10-J2)*0.05)*10,1)) -> 90.6 | L2: A+ | M2: Core pick / safest anchor | N2: -4 to +2 | O2: 2nd (-11), bogey-free weekend noted | P2: Made cut; contended but putting cooled | Q2: No major MC concern; main risk is cold putter | R2: No 2018 Shinnecock start; elite U.S. Open profile overall | S2: PGA Tour SG tee-to-green leader; GIR leader; OWGR No. 1 | T2: Best total skill profile in the field. If Shinnecock becomes a ball-striking exam, he is the cleanest all-around answer. | U2: Putting can turn a winning week into a top-10 only; odds may be too short for pool leverage. | V2: Stable PGA schedule, elite week-to-week floor. | W2: https://www.pgatour.com/stats/detail/02674 | X2: https://www.pgatour.com/stats
A3: Rory McIlroy | B3: PGA | C3: Elite Favorite | D3: +850 to +950 | E3: 9 | F3: 8.6 | G3: 7 | H3: 8.8 | I3: 9.4 | J3: 3 | K3: =IF(A3="","",ROUND((E3*0.25+F3*0.25+G3*0.15+H3*0.15+I3*0.15+(10-J3)*0.05)*10,1)) -> 85.3 | L3: A | M3: Core pick if tier value is fair | N3: -4 to +3 | O3: Won / defended Masters (-12) | P3: T7 (-4) | Q3: No missed cut in first two majors; some hard-course volatility from 2025 U.S. Open | R3: Missed cut at 2018 Shinnecock, but has proven U.S. Open ceiling | S3: Major-winning form, power, improved patience, elite scoring ceiling | T3: He has already won the biggest 2026 pressure test and backed it up with a PGA top 10. | U3: Can get emotionally sideways on brutal U.S. Open setups; Shinnecock 2018 history is not great. | V3: No LIV concern; high public ownership risk. | W3: https://www.theguardian.com/sport/live/2026/apr/12/golf-the-masters-2026-final-round-live | X3: https://www.pgachampionship.com/news-media/articles/aaron-rai-wins-the-2026-pga-championship-at-aronimink
A4: Jon Rahm | B4: LIV | C4: Elite Threat | D4: +1200 | E4: 8.1 | F4: 9 | G4: 7.2 | H4: 8 | I4: 9 | J4: 3.5 | K4: =IF(A4="","",ROUND((E4*0.25+F4*0.25+G4*0.15+H4*0.15+I4*0.15+(10-J4)*0.05)*10,1)) -> 82.3 | L4: A- | M4: High-upside anchor | N4: -3 to +4 | O4: Made cut, poor start then stabilized | P4: T2 (-6) | Q4: Masters was not a win threat; LIV schedule creates fewer PGA data points | R4: 2018 Shinnecock: MC, but later became U.S. Open champion in 2021 | S4: World SG rating No. 2; PGA runner-up confirms major form | T4: Rahm’s PGA runner-up is a strong sign that the major game is still fully alive. | U4: LIV week-to-week data is harder to compare; can lose accuracy under frustration. | V4: Best LIV option if priced below Scheffler/Rory. | W4: https://www.owgr.com/strokes-gained-world-rating | X4: https://www.pgachampionship.com/news-media/articles/aaron-rai-wins-the-2026-pga-championship-at-aronimink
A5: Cameron Young | B5: PGA | C5: Elite Upside | D5: +1800 | E5: 9.4 | F5: 8.7 | G5: 8 | H5: 8.3 | I5: 9.7 | J5: 4 | K5: =IF(A5="","",ROUND((E5*0.25+F5*0.25+G5*0.15+H5*0.15+I5*0.15+(10-J5)*0.05)*10,1)) -> 87.3 | L5: A | M5: Best aggressive pool play | N5: -5 to +4 | O5: T3 (-10) | P5: Made cut, not top 10 | Q5: No recent major MC; pressure of home-state U.S. Open is the question | R5: No 2018 Shinnecock start; New York/home-state angle; strong 2025 U.S. Open noted in news | S5: Two 2026 wins including THE PLAYERS; OWGR No. 3; top SG tee-to-green | T5: He may be the best blend of recent form, ball-striking, and non-Scheffler odds value. | U5: Still chasing first major; home crowd can become extra weight. | V5: Could be highly owned, but still strong pool value. | W5: https://www.golfchannel.com/pga-tour/news/ranking-the-entire-pga-championship-field-nos-1-156 | X5: https://nypost.com/2026/05/13/betting/cameron-youngs-rise-reflected-in-stunning-pga-championship-odds-swing/
A6: Xander Schauffele | B6: PGA | C6: Elite Consistency | D6: +1800 | E6: 8 | F6: 9.2 | G6: 9 | H6: 9.3 | I6: 8.4 | J6: 2.5 | K6: =IF(A6="","",ROUND((E6*0.25+F6*0.25+G6*0.15+H6*0.15+I6*0.15+(10-J6)*0.05)*10,1)) -> 86.8 | L6: A | M6: Core pick / cut safety monster | N6: -3 to +4 | O6: Top-five/top-10 range | P6: T7 (-4) | Q6: No current MC concern | R6: 2018 Shinnecock T6; nine straight U.S. Open top-15s cited by Golf Digest | S6: Reliable major profile; strong tough-course history | T6: Few players have a better U.S. Open made-cut and top-15 profile. | U6: May not separate enough to win if putter is average. | V6: Excellent pool pick when avoiding disaster matters. | W6: https://www.golfdigest.com/story/us-open-picks-2026-our-13-best-bets-to-win-at-shinnecock-hills | X6: https://www.pgachampionship.com/news-media/articles/aaron-rai-wins-the-2026-pga-championship-at-aronimink
A7: Matthew Fitzpatrick | B7: PGA | C7: Elite Value | D7: +2000 | E7: 9 | F7: 9.1 | G7: 8.6 | H7: 8.4 | I7: 8.6 | J7: 3 | K7: =IF(A7="","",ROUND((E7*0.25+F7*0.25+G7*0.15+H7*0.15+I7*0.15+(10-J7)*0.05)*10,1)) -> 87.2 | L7: A | M7: Best precision-value pick | N7: -4 to +4 | O7: Made cut | P7: Made cut, outside top 10 | Q7: No major MC issue; confidence check after losing to Alex Fitzpatrick noted | R7: 2018 Shinnecock T12; 2022 U.S. Open winner | S7: PGA Tour No. 2 SG tee-to-green; won three of four starts between Masters and PGA per Golf Digest | T7: Shinnecock rewards controlled driving, patience, and short-game creativity, all Fitzpatrick strengths. | U7: Ceiling can depend on whether approach play stays hot enough to beat elite power. | V7: Very strong if he lands outside top tier in your pool. | W7: https://www.golfdigest.com/story/us-open-picks-2026-our-13-best-bets-to-win-at-shinnecock-hills | X7: https://www.pgatour.com/stats/detail/02674
A8: Collin Morikawa | B8: PGA | C8: High-End Contender | D8: +2200 | E8: 7.7 | F8: 9.3 | G8: 7.2 | H8: 8.5 | I8: 8.2 | J8: 3 | K8: =IF(A8="","",ROUND((E8*0.25+F8*0.25+G8*0.15+H8*0.15+I8*0.15+(10-J8)*0.05)*10,1)) -> 81.9 | L8: A- | M8: Great fit if price drops | N8: -3 to +5 | O8: Made cut | P8: Made cut | Q8: No major MC signal, but not winning lately | R8: No 2018 Shinnecock start | S8: PGA Tour top SG tee-to-green; elite approach profile | T8: Shinnecock should reward fairway-to-green discipline more than pure putting spikes. | U8: Has not converted as often recently; win equity lower than fit suggests. | V8: Trust for placement, slightly less for outright win. | W8: https://www.pgatour.com/stats/detail/02674 | X8: https://www.datagolf.com/
A9: Ludvig Åberg | B9: PGA | C9: High-End Contender | D9: +2000 | E9: 8.2 | F9: 8.5 | G9: 6.8 | H9: 7.8 | I9: 9 | J9: 4.5 | K9: =IF(A9="","",ROUND((E9*0.25+F9*0.25+G9*0.15+H9*0.15+I9*0.15+(10-J9)*0.05)*10,1)) -> 79.9 | L9: A- | M9: Upside pick | N9: -4 to +5 | O9: Made cut | P9: T4 (-5) | Q9: Occasional Sunday volatility; Players collapse noted | R9: No 2018 Shinnecock start | S9: Strong tee-to-green and par-5 scoring noted in Memorial preview | T9: Elite talent profile with enough length and ball striking to handle a long par-70. | U9: Still proving U.S. Open patience and closing under major pressure. | V9: Great secondary pool entry if you need upside. | W9: https://www.golfmonthly.com/betting/memorial-tournament-2026-betting-tips | X9: https://www.golfchannel.com/pga-of-america/news/pga-championship-2026-leaderboard-final-results-scores-from-aronimink
A10: Tommy Fleetwood | B10: PGA | C10: High-End Contender | D10: +2000 to +2500 | E10: 7.3 | F10: 9.2 | G10: 9.5 | H10: 7.2 | I10: 8.1 | J10: 4.5 | K10: =IF(A10="","",ROUND((E10*0.25+F10*0.25+G10*0.15+H10*0.15+I10*0.15+(10-J10)*0.05)*10,1)) -> 81.2 | L10: B+ | M10: Strong bounce-back candidate | N10: -2 to +6 | O10: Made cut / contended early | P10: MC (+5) | Q10: PGA missed cut is a real warning, but Shinnecock history is elite | R10: 2018 Shinnecock 2nd; final-round 63 | S10: Course history might be the best in field; tough-course runner-up profile | T10: The 2018 result proves he can thrive in this exact wind-and-patience setup. | U10: PGA MC shows current form is not spotless; win conversion remains concern. | V10: If people overreact to PGA MC, he becomes useful. | W10: https://www.cbssports.com/golf/news/pga-championship-2026-cut-line-bryson-dechambeau-tommy-fleetwood/ | X10: https://www.golfcompendium.com/2018/11/2018-us-open.html
A11: Bryson DeChambeau | B11: LIV | C11: Boom/Bust Star | D11: +1000 to +1400 | E11: 6.6 | F11: 8.5 | G11: 7 | H11: 5.5 | I11: 9.8 | J11: 8 | K11: =IF(A11="","",ROUND((E11*0.25+F11*0.25+G11*0.15+H11*0.15+I11*0.15+(10-J11)*0.05)*10,1)) -> 72.2 | L11: B+ | M11: Only use if tier rewards upside | N11: -5 to +8 | O11: MC (+6) | P11: MC (+7) | Q11: Missed both Masters and PGA cuts; 4 MCs in 10 majors since 2024 noted | R11: 2018 Shinnecock T25 range; 2020 and 2024 U.S. Open winner | S11: Major ceiling is enormous; driving can break par-70s if controlled | T11: He can win because his U.S. Open peak is proven and he can overpower long par 4s. | U11: Double missed-cut trend is impossible to ignore; feast-or-famine profile. | V11: LIV star with extra motivation, but very risky for pool safety. | W11: https://www.golfchannel.com/pga-of-america/news/bryson-dechambeau-misses-cut-2026-pga-championship | X11: https://www.golf.com/news/9-surprising-players-who-missed-2026-masters-cut/
A12: Brooks Koepka | B12: LIV | C12: Major Specialist | D12: +2700 to +2800 | E12: 6.8 | F12: 8.8 | G12: 10 | H12: 7 | I12: 9 | J12: 5.5 | K12: =IF(A12="","",ROUND((E12*0.25+F12*0.25+G12*0.15+H12*0.15+I12*0.15+(10-J12)*0.05)*10,1)) -> 80.3 | L12: B+ | M12: Dangerous major-only pick | N12: -3 to +6 | O12: Made cut | P12: Made cut / not top 10 | Q12: No first-two-major MC issue, but form less sharp than peak | R12: 2018 Shinnecock champion; 2024 PGA major relevance still remembered | S12: 2018 winner at exact venue; U.S. Open toughness profile | T12: If Shinnecock becomes ugly, Koepka’s major patience and venue memory matter. | U12: Recent ceiling is less obvious than Rahm/Cam Young; LIV data is patchier. | V12: A classic friend-pool spoiler pick. | W12: https://www.golfcompendium.com/2018/11/2018-us-open.html | X12: https://www.golfchannel.com/usopen/news/bryson-dechambeau-2026-us-open-odds
A13: Tyrrell Hatton | B13: LIV | C13: High-End Toughness | D13: +3500 | E13: 8.1 | F13: 8.7 | G13: 8.5 | H13: 7.8 | I13: 8 | J13: 4.5 | K13: =IF(A13="","",ROUND((E13*0.25+F13*0.25+G13*0.15+H13*0.15+I13*0.15+(10-J13)*0.05)*10,1)) -> 81.2 | L13: B+ | M13: Good gritty US Open fit | N13: -2 to +6 | O13: T3 (-10) | P13: MC (+6) | Q13: PGA MC dents the profile, Masters was excellent | R13: 2018 Shinnecock T6 | S13: Tough-course temperament when controlled; strong Masters LIV result | T13: He showed at Augusta that his game travels to major pressure, and Shinnecock rewards grit. | U13: Emotional volatility and PGA MC make him less safe than Xander/Fitz. | V13: Good if his tier lacks obvious ball-striking anchors. | W13: https://sportsnaut.com/golf/masters-2026-10-winners-losers | X13: https://www.cbssports.com/golf/news/pga-championship-2026-cut-line-bryson-dechambeau-tommy-fleetwood/
... A46: Keegan Bradley | B46: PGA | C46: Major Experience | D46: Tier 6 volatile veteran | E46: 6.8 | F46: 7 | G46: 6.4 | H46: 6.7 | I46: 7.1 | J46: 6.5 | K46: =IF(A46="","",ROUND((E46*0.25+F46*0.25+G46*0.15+H46*0.15+I46*0.15+(10-J46)*0.05)*10,1)) -> 66.6 | L46: C | M46: Second-entry only | N46: +5 to +14 | O46: T21 | P46: TBD | Q46: Several 2026 missed cuts; Shinnecock 2018 was ugly | R46: T4 at 2014 U.S. Open; missed cut badly at Shinnecock 2018 | S46: Experience, fire, occasional high-end weeks | T46: Can pop if ball-striking is sharp | U46: Emotional/streaky; poor Shinnecock 2018 signal | V46: Not main-card cut-safety pick | W46: https://www.usopen.com/players/33141.html | X46: https://www.espn.com/golf/player/results/_/id/4513/keegan-bradley

Sheet Player Card
A1: 2026 U.S. Open Player Card - Shinnecock Hills
A2: Pick a player from the dropdown. This now uses INDEX/MATCH for compatibility and includes your final-pick players.
A3: Select Player | B3: Alex Noren
A5: Overall Rating | B5: =IFERROR(INDEX('Master Data'!$K$2:$K$46,MATCH($B$3,'Master Data'!$A$2:$A$46,0)),"") -> 77.1 | C5: Win Grade | D5: =IFERROR(INDEX('Master Data'!$L$2:$L$46,MATCH($B$3,'Master Data'!$A$2:$A$46,0)),"") -> B | E5: Pool Action | F5: =IFERROR(INDEX('Master Data'!$M$2:$M$46,MATCH($B$3,'Master Data'!$A$2:$A$46,0)),"") -> Best Tier 5 survival pick
A7: Tour | B7: =IFERROR(INDEX('Master Data'!$B$2:$B$46,MATCH($B$3,'Master Data'!$A$2:$A$46,0)),"") -> PGA | C7: Custom Tier | D7: =IFERROR(INDEX('Master Data'!$C$2:$C$46,MATCH($B$3,'Master Data'!$A$2:$A$46,0)),"") -> Veteran Grinder | E7: Market Note | F7: =IFERROR(INDEX('Master Data'!$D$2:$D$46,MATCH($B$3,'Master Data'!$A$2:$A$46,0)),"") -> Tier 5 cut-first pick
A9: Projected Score Range | B9: =IFERROR(INDEX('Master Data'!$N$2:$N$46,MATCH($B$3,'Master Data'!$A$2:$A$46,0)),"") -> +2 to +10 | C9: Masters 2026 | D9: =IFERROR(INDEX('Master Data'!$O$2:$O$46,MATCH($B$3,'Master Data'!$A$2:$A$46,0)),"") -> T30-type profile | E9: PGA 2026 | F9: =IFERROR(INDEX('Master Data'!$P$2:$P$46,MATCH($B$3,'Master Data'!$A$2:$A$46,0)),"") -> T26-type profile
A11: Current Form | B11: =IFERROR(INDEX('Master Data'!$E$2:$E$46,MATCH($B$3,'Master Data'!$A$2:$A$46,0)),"") -> 7.6 | C11: US Open Fit | D11: =IFERROR(INDEX('Master Data'!$F$2:$F$46,MATCH($B$3,'Master Data'!$A$2:$A$46,0)),"") -> 8.1 | E11: Cut Safety | F11: =IFERROR(INDEX('Master Data'!$H$2:$H$46,MATCH($B$3,'Master Data'!$A$2:$A$46,0)),"") -> 8.4
A13: Shinnecock / US Open History | B13: =IFERROR(INDEX('Master Data'!$R$2:$R$46,MATCH($B$3,'Master Data'!$A$2:$A$46,0)),"") -> T25 at Shinnecock in 2018
A16: Key Stats / Fit Signals | B16: =IFERROR(INDEX('Master Data'!$S$2:$S$46,MATCH($B$3,'Master Data'!$A$2:$A$46,0)),"") -> Veteran, wind control, difficult-course comfort
A19: Why He Can Win | B19: =IFERROR(INDEX('Master Data'!$T$2:$T$46,MATCH($B$3,'Master Data'!$A$2:$A$46,0)),"") -> Can grind pars when scoring gets ugly
A23: Red Flags | B23: =IFERROR(INDEX('Master Data'!$U$2:$U$46,MATCH($B$3,'Master Data'!$A$2:$A$46,0)),"") -> Lower winning ceiling than Cameron Smith
A27: Recent MC / Concern | B27: =IFERROR(INDEX('Master Data'!$Q$2:$Q$46,MATCH($B$3,'Master Data'!$A$2:$A$46,0)),"") -> No major form collapse concern
A31: Outside / LIV / Creator Notes | B31: =IFERROR(INDEX('Master Data'!$V$2:$V$46,MATCH($B$3,'Master Data'!$A$2:$A$46,0)),"") -> Useful if friends chase bigger names
A35: Source URL 1 | B35: =IFERROR(INDEX('Master Data'!$W$2:$W$46,MATCH($B$3,'Master Data'!$A$2:$A$46,0)),"") -> https://www.golfdigest.com/story/us-open-2026-power-ranking-entire-field-shinnecock-hills
A37: Source URL 2 | B37: =IFERROR(INDEX('Master Data'!$X$2:$X$46,MATCH($B$3,'Master Data'!$A$2:$A$46,0)),"") -> https://www.usopen.com/

Sheet Model Summary
A1: 2026 U.S. Open Contender Board
A3: Course | B3: Dates | C3: Par/Yards | D3: Core Test | E3: Model Weights | F3: Winning Style | G3: Pool Rule | H3: Update Plan
A4: Shinnecock Hills, Southampton NY | B4: June 18-21, 2026 | C4: Par 70 / 7,440 yds | D4: Wind, firm turf, long par 4s, approach control, scrambling | E4: Form 25%, US Open fit 25%, Shinnecock/comp 15%, cut safety 15%, upside 15%, risk 5% | F4: Pars matter; avoid big numbers; fairway/green discipline | G4: No official tiers yet; use Custom Tier as placeholder | H4: Replace tier column when pool releases tiers
A6: Rank | B6: Player | C6: Rating | D6: Grade | E6: Pool Action | F6: Projected Score | G6: Main Green Flag | H6: Main Red Flag
A7: 1 | B7: Scottie Scheffler | C7: 90.6 | D7: A+ | E7: Core pick / safest anchor | F7: -4 to +2 | G7: Best total skill profile in the field. If Shinnecock becomes a ball-striking exam, he is the cleanest all-around answer. | H7: Putting can turn a winning week into a top-10 only; odds may be too short for pool leverage.
A8: 2 | B8: Cameron Young | C8: 87.3 | D8: A | E8: Best aggressive pool play | F8: -5 to +4 | G8: He may be the best blend of recent form, ball-striking, and non-Scheffler odds value. | H8: Still chasing first major; home crowd can become extra weight.
A9: 3 | B9: Matt Fitzpatrick | C9: 87.2 | D9: A | E9: Best precision-value pick | F9: -4 to +4 | G9: Shinnecock rewards controlled driving, patience, and short-game creativity, all Fitzpatrick strengths. | H9: Ceiling can depend on whether approach play stays hot enough to beat elite power.
A10: 4 | B10: Xander Schauffele | C10: 86.8 | D10: A | E10: Core pick / cut safety monster | F10: -3 to +4 | G10: Few players have a better U.S. Open made-cut and top-15 profile. | H10: May not separate enough to win if putter is average.
A11: 5 | B11: Rory McIlroy | C11: 85.3 | D11: A | E11: Core pick if tier value is fair | F11: -4 to +3 | G11: He has already won the biggest 2026 pressure test and backed it up with a PGA top 10. | H11: Can get emotionally sideways on brutal U.S. Open setups; Shinnecock 2018 history is not great.
A12: 6 | B12: Jon Rahm | C12: 82.3 | D12: A- | E12: High-upside anchor | F12: -3 to +4 | G12: Rahm’s PGA runner-up is a strong sign that the major game is still fully alive. | H12: LIV week-to-week data is harder to compare; can lose accuracy under frustration.
A13: 7 | B13: Collin Morikawa | C13: 81.9 | D13: A- | E13: Great fit if price drops | F13: -3 to +5 | G13: Shinnecock should reward fairway-to-green discipline more than pure putting spikes. | H13: Has not converted as often recently; win equity lower than fit suggests.
A14: 8 | B14: Tommy Fleetwood | C14: 81.2 | D14: B+ | E14: Strong bounce-back candidate | F14: -2 to +6 | G14: The 2018 result proves he can thrive in this exact wind-and-patience setup. | H14: PGA MC shows current form is not spotless; win conversion remains concern.
A15: 9 | B15: Tyrrell Hatton | C15: 81.2 | D15: B+ | E15: Good gritty US Open fit | F15: -2 to +6 | G15: He showed at Augusta that his game travels to major pressure, and Shinnecock rewards grit. | H15: Emotional volatility and PGA MC make him less safe than Xander/Fitz.
A16: 10 | B16: Justin Rose | C16: 80.5 | D16: B+ | E16: Veteran floor/value | F16: -1 to +7 | G16: Rose has already shown 2026 major form twice and owns a top-10 at Shinnecock. | H16: Hard to project as the winner over four rounds unless putter spikes.
A17: 11 | B17: Brooks Koepka | C17: 80.2 | D17: B+ | E17: Dangerous major-only pick | F17: -3 to +6 | G17: If Shinnecock becomes ugly, Koepka’s major patience and venue memory matter. | H17: Recent ceiling is less obvious than Rahm/Cam Young; LIV data is patchier.
A18: 12 | B18: Ludvig Åberg | C18: 79.9 | D18: A- | E18: Upside pick | F18: -4 to +5 | G18: Elite talent profile with enough length and ball striking to handle a long par-70. | H18: Still proving U.S. Open patience and closing under major pressure.
... A26: 20 | B26: Patrick Reed | C26: 72.4 | D26: C+ | E26: Contrarian grinder | F26: 0 to +9 | G26: Reed’s short game and past Shinnecock result make him dangerous if scoring gets ugly. | H26: Ball-striking consistency and LIV comparability lower confidence.

Sheet Sources + Method
A1: Method / Note | B1: Detail
A2: What this workbook is | B2: A pre-tier U.S. Open contender model for Shinnecock Hills. Tiers can be added later when your pool releases them.
A3: Course fact | B3: USGA lists Shinnecock Hills as par 70, 7,440 yards, June 18-21, 2026.
A4: Course angle | B4: Shinnecock is wind-exposed and designed around wind/angles; the model boosts accuracy, approach, scrambling, and patience.
A5: 2018 Shinnecock baseline | B5: Brooks Koepka won at +1, Fleetwood was 2nd after a final-round 63, and several current players have exact-course history.
A6: Missed cut logic | B6: A recent MC is not automatic elimination. I separated bad fit/poor form from volatility, weird major setups, and high-upside bounce-back.
A7: Important limitation | B7: Odds and field qualification will move. Refresh the Odds / Market Note and missed-cut fields after Memorial, Canadian Open, and final qualifying.
A9: Source | B9: URL | C9: Used For
A10: USGA / U.S. Open course page | B10: https://www.usopen.com/2026/about-shinnecock-hills-golf-club.html | C10: Venue, par, yardage, hole-by-hole course info, wind/routing notes
A11: US Open official home | B11: https://www.usopen.com/ | C11: Dates and host venue
A12: Golf Channel odds | B12: https://www.golfchannel.com/usopen/news/bryson-dechambeau-2026-us-open-odds | C12: Early odds after PGA Championship
A13: Golf Digest picks | B13: https://www.golfdigest.com/story/us-open-picks-2026-our-13-best-bets-to-win-at-shinnecock-hills | C13: Market/value notes on Cameron Young, Xander, Fitzpatrick
A14: PGA Championship official recap | B14: https://www.pgachampionship.com/news-media/articles/aaron-rai-wins-the-2026-pga-championship-at-aronimink | C14: PGA winner and top 10
A15: Golf Channel PGA leaderboard | B15: https://www.golfchannel.com/pga-of-america/news/pga-championship-2026-leaderboard-final-results-scores-from-aronimink | C15: PGA final scores and round scores
A16: CBS PGA cut line | B16: https://www.cbssports.com/golf/news/pga-championship-2026-cut-line-bryson-dechambeau-tommy-fleetwood/ | C16: PGA missed-cut list
A17: Golf.com Masters MC list | B17: https://golf.com/news/9-surprising-players-who-missed-2026-masters-cut/ | C17: Masters missed-cut list
A18: Guardian Masters live recap | B18: https://www.theguardian.com/sport/live/2026/apr/12/golf-the-masters-2026-final-round-live | C18: Masters winner and top contenders
A19: PGA Tour SG tee-to-green | B19: https://www.pgatour.com/stats/detail/02674 | C19: Current tee-to-green leaders
A20: PGA Tour stats | B20: https://www.pgatour.com/stats | C20: GIR and broad PGA Tour stat leaders
... A23: Golf Monthly 2026 field | B23: https://www.golfmonthly.com/news/us-open-field-2026-whos-confirmed-for-shinnecock-hills | C23: Confirmed field/qualifying context

Sheet Final Picks Tracker
A1: 2026 U.S. Open Pool: Final Picks Score Tracker
A3: Course | B3: Shinnecock Hills | D3: How to use this sheet
A4: Par per round | B4: 70 | D4: Open the workbook and go to the Final Picks Tracker tab. Each person can type their own six golfers into the player boxes, then enter that golfer’s actual round scores in the R1, R2, R3, and R4 boxes as the tournament goes on. Make sure to enter the actual stroke score, like 70, 72, 75, or 80, not the plus or minus score. The sheet uses Shinnecock’s par of 70 to automatically calculate each player’s live total and live plus or minus score, so a 72 becomes +2 and a 68 becomes -2. The Current cut line box is in B7. It is currently estimated at +8, but you can change B7 to the real projected cut line on Friday, such as 6, 7, 8, or 9. After scores are entered, the tracker updates the rounds completed, live total, live plus or minus, cut watch, and score reaction. The color/status section helps show whether a round was strong, normal, risky, or very surprising. Only edit the player name boxes, round score boxes, and the cut line box. Do not overwrite the formula cells.
A5: Tiebreaker winner total | B5: Enter Here
A6: Strategy | B6: Cut-first, wind-control, veteran survival
A7: Current cut line (+/-) | B7: 8 | D7: Update this number during Friday cut watch. Example: type 6, 7, 8, or 9.
A9: Tier | B9: Player | C9: R1 | D9: R2 | E9: R3 | F9: R4 | G9: Rounds In | H9: Live Total | I9: Live +/- | J9: Cut Watch | K9: R1 Read | L9: R2 Read | M9: R3 Read | N9: R4 Read | O9: Manual Notes
A10: 1 | B10: Matthew Fitzpatrick | C10: 68 | G10: =COUNT(C10:F10) -> 1 | H10: =IF(G10=0,"",SUM(C10:F10)) -> 68 | I10: =IF(G10=0,"",H10-($B$4*G10)) -> -2 | J10: =IF(G10<2,"Need R1/R2",IF(SUM(C10:D10)-($B$4*2)<=$B$7-4,"Likely safe",IF(SUM(C10:D10)-($B$4*2)<=$B$7,"Cut watch","Cut danger"))) -> Need R1/R2 | K10: =IF(C10="","",IF(C10<=VLOOKUP($B10,'Score Rules'!$A:$F,3,FALSE)-2,"Great / better than expected",IF(C10<=VLOOKUP($B10,'Score Rules'!$A:$F,4,FALSE),"Realistic score",IF(C10<VLOOKUP($B10,'Score Rules'!$A:$F,6,FALSE),"Surprising poor score","Very surprising score")))) -> Great / better than expected | L10: =IF(D10="","",IF(D10<=VLOOKUP($B10,'Score Rules'!$A:$F,3,FALSE)-2,"Great / better than expected",IF(D10<=VLOOKUP($B10,'Score Rules'!$A:$F,4,FALSE),"Realistic score",IF(D10<VLOOKUP($B10,'Score Rules'!$A:$F,6,FALSE),"Surprising poor score","Very surprising score")))) | M10: =IF(E10="","",IF(E10<=VLOOKUP($B10,'Score Rules'!$A:$F,3,FALSE)-2,"Great / better than expected",IF(E10<=VLOOKUP($B10,'Score Rules'!$A:$F,4,FALSE),"Realistic score",IF(E10<VLOOKUP($B10,'Score Rules'!$A:$F,6,FALSE),"Surprising poor score","Very surprising score")))) | N10: =IF(F10="","",IF(F10<=VLOOKUP($B10,'Score Rules'!$A:$F,3,FALSE)-2,"Great / better than expected",IF(F10<=VLOOKUP($B10,'Score Rules'!$A:$F,4,FALSE),"Realistic score",IF(F10<VLOOKUP($B10,'Score Rules'!$A:$F,6,FALSE),"Surprising poor score","Very surprising score"))))
A11: 2 | B11: Justin Rose | C11: 73 | G11: =COUNT(C11:F11) -> 1 | H11: =IF(G11=0,"",SUM(C11:F11)) -> 73 | I11: =IF(G11=0,"",H11-($B$4*G11)) -> 3 | J11: =IF(G11<2,"Need R1/R2",IF(SUM(C11:D11)-($B$4*2)<=$B$7-4,"Likely safe",IF(SUM(C11:D11)-($B$4*2)<=$B$7,"Cut watch","Cut danger"))) -> Need R1/R2 | K11: =IF(C11="","",IF(C11<=VLOOKUP($B11,'Score Rules'!$A:$F,3,FALSE)-2,"Great / better than expected",IF(C11<=VLOOKUP($B11,'Score Rules'!$A:$F,4,FALSE),"Realistic score",IF(C11<VLOOKUP($B11,'Score Rules'!$A:$F,6,FALSE),"Surprising poor score","Very surprising score")))) -> Realistic score | L11: =IF(D11="","",IF(D11<=VLOOKUP($B11,'Score Rules'!$A:$F,3,FALSE)-2,"Great / better than expected",IF(D11<=VLOOKUP($B11,'Score Rules'!$A:$F,4,FALSE),"Realistic score",IF(D11<VLOOKUP($B11,'Score Rules'!$A:$F,6,FALSE),"Surprising poor score","Very surprising score")))) | M11: =IF(E11="","",IF(E11<=VLOOKUP($B11,'Score Rules'!$A:$F,3,FALSE)-2,"Great / better than expected",IF(E11<=VLOOKUP($B11,'Score Rules'!$A:$F,4,FALSE),"Realistic score",IF(E11<VLOOKUP($B11,'Score Rules'!$A:$F,6,FALSE),"Surprising poor score","Very surprising score")))) | N11: =IF(F11="","",IF(F11<=VLOOKUP($B11,'Score Rules'!$A:$F,3,FALSE)-2,"Great / better than expected",IF(F11<=VLOOKUP($B11,'Score Rules'!$A:$F,4,FALSE),"Realistic score",IF(F11<VLOOKUP($B11,'Score Rules'!$A:$F,6,FALSE),"Surprising poor score","Very surprising score"))))
A12: 3 | B12: Patrick Cantlay | C12: 74 | G12: =COUNT(C12:F12) -> 1 | H12: =IF(G12=0,"",SUM(C12:F12)) -> 74 | I12: =IF(G12=0,"",H12-($B$4*G12)) -> 4 | J12: =IF(G12<2,"Need R1/R2",IF(SUM(C12:D12)-($B$4*2)<=$B$7-4,"Likely safe",IF(SUM(C12:D12)-($B$4*2)<=$B$7,"Cut watch","Cut danger"))) -> Need R1/R2 | K12: =IF(C12="","",IF(C12<=VLOOKUP($B12,'Score Rules'!$A:$F,3,FALSE)-2,"Great / better than expected",IF(C12<=VLOOKUP($B12,'Score Rules'!$A:$F,4,FALSE),"Realistic score",IF(C12<VLOOKUP($B12,'Score Rules'!$A:$F,6,FALSE),"Surprising poor score","Very surprising score")))) -> Realistic score | L12: =IF(D12="","",IF(D12<=VLOOKUP($B12,'Score Rules'!$A:$F,3,FALSE)-2,"Great / better than expected",IF(D12<=VLOOKUP($B12,'Score Rules'!$A:$F,4,FALSE),"Realistic score",IF(D12<VLOOKUP($B12,'Score Rules'!$A:$F,6,FALSE),"Surprising poor score","Very surprising score")))) | M12: =IF(E12="","",IF(E12<=VLOOKUP($B12,'Score Rules'!$A:$F,3,FALSE)-2,"Great / better than expected",IF(E12<=VLOOKUP($B12,'Score Rules'!$A:$F,4,FALSE),"Realistic score",IF(E12<VLOOKUP($B12,'Score Rules'!$A:$F,6,FALSE),"Surprising poor score","Very surprising score")))) | N12: =IF(F12="","",IF(F12<=VLOOKUP($B12,'Score Rules'!$A:$F,3,FALSE)-2,"Great / better than expected",IF(F12<=VLOOKUP($B12,'Score Rules'!$A:$F,4,FALSE),"Realistic score",IF(F12<VLOOKUP($B12,'Score Rules'!$A:$F,6,FALSE),"Surprising poor score","Very surprising score"))))
A13: 4 | B13: Harris English | C13: 72 | G13: =COUNT(C13:F13) -> 1 | H13: =IF(G13=0,"",SUM(C13:F13)) -> 72 | I13: =IF(G13=0,"",H13-($B$4*G13)) -> 2 | J13: =IF(G13<2,"Need R1/R2",IF(SUM(C13:D13)-($B$4*2)<=$B$7-4,"Likely safe",IF(SUM(C13:D13)-($B$4*2)<=$B$7,"Cut watch","Cut danger"))) -> Need R1/R2 | K13: =IF(C13="","",IF(C13<=VLOOKUP($B13,'Score Rules'!$A:$F,3,FALSE)-2,"Great / better than expected",IF(C13<=VLOOKUP($B13,'Score Rules'!$A:$F,4,FALSE),"Realistic score",IF(C13<VLOOKUP($B13,'Score Rules'!$A:$F,6,FALSE),"Surprising poor score","Very surprising score")))) -> Realistic score | L13: =IF(D13="","",IF(D13<=VLOOKUP($B13,'Score Rules'!$A:$F,3,FALSE)-2,"Great / better than expected",IF(D13<=VLOOKUP($B13,'Score Rules'!$A:$F,4,FALSE),"Realistic score",IF(D13<VLOOKUP($B13,'Score Rules'!$A:$F,6,FALSE),"Surprising poor score","Very surprising score")))) | M13: =IF(E13="","",IF(E13<=VLOOKUP($B13,'Score Rules'!$A:$F,3,FALSE)-2,"Great / better than expected",IF(E13<=VLOOKUP($B13,'Score Rules'!$A:$F,4,FALSE),"Realistic score",IF(E13<VLOOKUP($B13,'Score Rules'!$A:$F,6,FALSE),"Surprising poor score","Very surprising score")))) | N13: =IF(F13="","",IF(F13<=VLOOKUP($B13,'Score Rules'!$A:$F,3,FALSE)-2,"Great / better than expected",IF(F13<=VLOOKUP($B13,'Score Rules'!$A:$F,4,FALSE),"Realistic score",IF(F13<VLOOKUP($B13,'Score Rules'!$A:$F,6,FALSE),"Surprising poor score","Very surprising score"))))
A14: 5 | B14: Alex Noren | C14: 74 | G14: =COUNT(C14:F14) -> 1 | H14: =IF(G14=0,"",SUM(C14:F14)) -> 74 | I14: =IF(G14=0,"",H14-($B$4*G14)) -> 4 | J14: =IF(G14<2,"Need R1/R2",IF(SUM(C14:D14)-($B$4*2)<=$B$7-4,"Likely safe",IF(SUM(C14:D14)-($B$4*2)<=$B$7,"Cut watch","Cut danger"))) -> Need R1/R2 | K14: =IF(C14="","",IF(C14<=VLOOKUP($B14,'Score Rules'!$A:$F,3,FALSE)-2,"Great / better than expected",IF(C14<=VLOOKUP($B14,'Score Rules'!$A:$F,4,FALSE),"Realistic score",IF(C14<VLOOKUP($B14,'Score Rules'!$A:$F,6,FALSE),"Surprising poor score","Very surprising score")))) -> Realistic score | L14: =IF(D14="","",IF(D14<=VLOOKUP($B14,'Score Rules'!$A:$F,3,FALSE)-2,"Great / better than expected",IF(D14<=VLOOKUP($B14,'Score Rules'!$A:$F,4,FALSE),"Realistic score",IF(D14<VLOOKUP($B14,'Score Rules'!$A:$F,6,FALSE),"Surprising poor score","Very surprising score")))) | M14: =IF(E14="","",IF(E14<=VLOOKUP($B14,'Score Rules'!$A:$F,3,FALSE)-2,"Great / better than expected",IF(E14<=VLOOKUP($B14,'Score Rules'!$A:$F,4,FALSE),"Realistic score",IF(E14<VLOOKUP($B14,'Score Rules'!$A:$F,6,FALSE),"Surprising poor score","Very surprising score")))) | N14: =IF(F14="","",IF(F14<=VLOOKUP($B14,'Score Rules'!$A:$F,3,FALSE)-2,"Great / better than expected",IF(F14<=VLOOKUP($B14,'Score Rules'!$A:$F,4,FALSE),"Realistic score",IF(F14<VLOOKUP($B14,'Score Rules'!$A:$F,6,FALSE),"Surprising poor score","Very surprising score"))))
A15: 6 | B15: Brian Harman | C15: 69 | G15: =COUNT(C15:F15) -> 1 | H15: =IF(G15=0,"",SUM(C15:F15)) -> 69 | I15: =IF(G15=0,"",H15-($B$4*G15)) -> -1 | J15: =IF(G15<2,"Need R1/R2",IF(SUM(C15:D15)-($B$4*2)<=$B$7-4,"Likely safe",IF(SUM(C15:D15)-($B$4*2)<=$B$7,"Cut watch","Cut danger"))) -> Need R1/R2 | K15: =IF(C15="","",IF(C15<=VLOOKUP($B15,'Score Rules'!$A:$F,3,FALSE)-2,"Great / better than expected",IF(C15<=VLOOKUP($B15,'Score Rules'!$A:$F,4,FALSE),"Realistic score",IF(C15<VLOOKUP($B15,'Score Rules'!$A:$F,6,FALSE),"Surprising poor score","Very surprising score")))) -> Great / better than expected | L15: =IF(D15="","",IF(D15<=VLOOKUP($B15,'Score Rules'!$A:$F,3,FALSE)-2,"Great / better than expected",IF(D15<=VLOOKUP($B15,'Score Rules'!$A:$F,4,FALSE),"Realistic score",IF(D15<VLOOKUP($B15,'Score Rules'!$A:$F,6,FALSE),"Surprising poor score","Very surprising score")))) | M15: =IF(E15="","",IF(E15<=VLOOKUP($B15,'Score Rules'!$A:$F,3,FALSE)-2,"Great / better than expected",IF(E15<=VLOOKUP($B15,'Score Rules'!$A:$F,4,FALSE),"Realistic score",IF(E15<VLOOKUP($B15,'Score Rules'!$A:$F,6,FALSE),"Surprising poor score","Very surprising score")))) | N15: =IF(F15="","",IF(F15<=VLOOKUP($B15,'Score Rules'!$A:$F,3,FALSE)-2,"Great / better than expected",IF(F15<=VLOOKUP($B15,'Score Rules'!$A:$F,4,FALSE),"Realistic score",IF(F15<VLOOKUP($B15,'Score Rules'!$A:$F,6,FALSE),"Surprising poor score","Very surprising score"))))
B16: Lineup | G16: =SUM(G10:G15) -> 6 | H16: =IF(G16=0,"",SUM(H10:H15)) -> 430 | I16: =IF(G16=0,"",H16-($B$4*G16)) -> 10 | J16: =IF(COUNT(C10:D15)<12,"Cut still pending",IF(COUNTIF(J10:J15,"Cut danger")>0,"One or more in danger",IF(COUNTIF(J10:J15,"Cut watch")>0,"Cut watch active","All likely safe"))) -> Cut still pending
A18: Any Player Score Surprise Checker
A20: Select Player | B20: Round Score | C20: Score +/- | D20: Evaluation | E20: What it means
A21: Tommy Fleetwood | B21: 73 | C21: =IF(B21="","",B21-$B$4) -> 3 | D21: =IF(B21="","",IF(B21<=VLOOKUP(A21,'Score Rules'!$A:$F,3,FALSE)-2,"Great / better than expected",IF(B21<=VLOOKUP(A21,'Score Rules'!$A:$F,4,FALSE),"Realistic score",IF(B21<VLOOKUP(A21,'Score Rules'!$A:$F,6,FALSE),"Surprising poor score","Very surprising score")))) -> Realistic score | E21: =IF(D21="","",IF(D21="Great / better than expected","Player is beating expected Shinnecock pace.",IF(D21="Realistic score","Normal U.S. Open survival round.",IF(D21="Surprising poor score","Worse than expected; watch cut pressure.","Major red flag for this player profile.")))) -> Normal U.S. Open survival round.

Sheet Score Rules
A1: Player | B1: Tier | C1: Expected Round | D1: Realistic High | E1: Surprising High | F1: Very Surprising At | G1: Course Fit Note
A2: Scottie Scheffler | B2: 1 | C2: 70.5 | D2: 74 | E2: 77 | F2: 79 | G2: Elite floor; 80 would be a major red flag
A3: Matthew Fitzpatrick | B3: 1 | C3: 71 | D3: 75 | E3: 77 | F3: 79 | G3: U.S. Open fit; controlled ball flight
A4: Justin Rose | B4: 2 | C4: 72 | D4: 76 | E4: 78 | F4: 80 | G4: Veteran U.S. Open grinder
A5: Patrick Cantlay | B5: 3 | C5: 72 | D5: 76 | E5: 78 | F5: 80 | G5: Cut-first profile; steady
A6: Harris English | B6: 4 | C6: 72.5 | D6: 76 | E6: 78 | F6: 80 | G6: Steady cut-maker; lower pressure than Rai
A7: Alex Noren | B7: 5 | C7: 73 | D7: 77 | E7: 79 | F7: 81 | G7: Veteran grinder; realistic survival profile
A8: Brian Harman | B8: 6 | C8: 73 | D8: 77 | E8: 79 | F8: 81 | G8: Low-ball wind player; safest Tier 6
A9: Aaron Rai | B9: 4 | C9: 72 | D9: 76 | E9: 78 | F9: 80 | G9: Higher upside than English; post-PGA pressure concern
A10: Collin Morikawa | B10: 2 | C10: 71.5 | D10: 75 | E10: 78 | F10: 80 | G10: Elite iron control; putting/short game pressure
A11: Hideki Matsuyama | B11: 3 | C11: 72 | D11: 76 | E11: 78 | F11: 80 | G11: Short-game survival; upside over Cantlay
A12: Jon Rahm | B12: 1 | C12: 71 | D12: 75 | E12: 78 | F12: 80 | G12: High upside; LIV/accuracy volatility
A13: Tommy Fleetwood | B13: 1 | C13: 71.5 | D13: 75 | E13: 78 | F13: 80 | G13: Shinnecock history; closing concern
... A18: Keegan Bradley | B18: 6 | C18: 74 | D18: 78 | E18: 80 | F18: 82 | G18: Major experience; Shinnecock 2018 concern
